{"position":{"x":290.1973571777344,"y":-4.3611741065979,"z":0.0},"health":100.0,"maxHealth":100.0,"level":0,"currentStage":3}