{"position":{"x":3.38631272315979,"y":13.417937278747559,"z":0.0},"health":130.0,"maxHealth":130.0,"level":3}